Workbook
Name camera: 'Mac Book'!$D$6:$D$105
Name camera: 'Network Item'!$D$6:$D$105
Name camera: Printer!$D$6:$D$105
Name camera: Router!$D$6:$D$105
Name camera: Tablet!$D$6:$D$105
Name camera: Camera!$D$6:$D$105
Name CPU: Camera!$D$6:$D$105
Name CPU: 'Hard drive'!$D$6:$D$105
Name CPU: 'Mac Book'!$D$6:$D$105
Name CPU: 'Network Item'!$D$6:$D$105
Name CPU: 'Power Cable'!$D$6:$D$105
Name CPU: Printer!$D$6:$D$105
Name CPU: Router!$D$6:$D$105
Name CPU: Tablet!$D$6:$D$105
Name CPU: USB!$D$6:$D$105
Name CPU: CPU!$D$6:$D$105
Name harddrive: Camera!$D$6:$D$105
Name harddrive: 'Mac Book'!$D$6:$D$105
Name harddrive: 'Network Item'!$D$6:$D$105
Name harddrive: 'Power Cable'!$D$6:$D$105
Name harddrive: Printer!$D$6:$D$105
Name harddrive: Router!$D$6:$D$105
Name harddrive: Tablet!$D$6:$D$105
Name harddrive: USB!$D$6:$D$105
Name harddrive: 'Hard drive'!$D$6:$D$105
Name key: Keyboard!$D$6:$D$105
Name LCD: Camera!$D$6:$D$105
Name LCD: CPU!$D$6:$D$105
Name LCD: 'Hard drive'!$D$6:$D$105
Name LCD: 'Mac Book'!$D$6:$D$105
Name LCD: 'Network Item'!$D$6:$D$105
Name LCD: 'Power Cable'!$D$6:$D$105
Name LCD: Printer!$D$6:$D$105
Name LCD: Router!$D$6:$D$105
Name LCD: Tablet!$D$6:$D$105
Name LCD: USB!$D$6:$D$105
Name LCD: LCD!$D$6:$D$105
Name list: 'Item Name'!$B$4:$B$23
Name mac: 'Mac Book'!$D$6:$D$105
Name mou: Camera!$D$6:$D$105
Name mou: CPU!$D$6:$D$105
Name mou: 'Hard drive'!$D$6:$D$105
Name mou: LCD!$D$6:$D$105
Name mou: 'Mac Book'!$D$6:$D$105
Name mou: 'Network Item'!$D$6:$D$105
Name mou: 'Power Cable'!$D$6:$D$105
Name mou: Printer!$D$6:$D$105
Name mou: Router!$D$6:$D$105
Name mou: Tablet!$D$6:$D$105
Name mou: USB!$D$6:$D$105
Name mou: Mouse!$D$6:$D$105
Name NS: 'Mac Book'!$D$6:$D$105
Name NS: Printer!$D$6:$D$105
Name NS: Tablet!$D$6:$D$105
Name NS: 'Network Item'!$D$6:$D$105
Name powercable: Camera!$D$6:$D$105
Name powercable: 'Mac Book'!$D$6:$D$105
Name powercable: 'Network Item'!$D$6:$D$105
Name powercable: Printer!$D$6:$D$105
Name powercable: Router!$D$6:$D$105

Sheet Item Name
A3: sr. No | B3: Item Name | C3: Code
A4: 1 | B4: Keyboard | C4: es-01
A5: 2 | B5: Mouse | C5: es-02
A6: 3 | B6: LCD | C6: es-03
A7: 4 | B7: CPU | C7: es-04
A8: 5 | B8: Hard Drive | C8: es-05
A9: 6 | B9: Power Cable | C9: es-06
A10: 7 | B10: USB | C10: es-07
A11: 8 | B11: Camera | C11: es-08
A12: 9 | B12: Router | C12: es-09
A13: 10 | B13: Network Item | C13: es-10
A14: 11 | B14: Printer | C14: es-11
A15: 12 | B15: Tablet | C15: es-12
... A17: 14 | B17: SSD | C17: es-14
A18: 15
A19: 16
A20: 17
A21: 18
A22: 19
A23: 20

Sheet Keyboard
C2: ="Total Qty: "&COUNTA($D$6:$D$105) -> Total Qty: 20 | D2: ="Issue Qty: "&COUNTIF('Inv. Issue'!$F$4:$F$103,"*es-01*") -> Issue Qty: 11 | E2: ="Temp Issue: "&COUNTIFS('Temp. Issue'!$G$4:$G$103,"*es-01*",'Temp. Issue'!$K$4:$K$103,"Return") -> Temp Issue: 0 | F2: ="Salvage: "&COUNTIF(Salvage!$F$4:$F$88,"*es-01*") -> Salvage: 1 | G2: ="Balance: "&COUNTA($D$6:$D$105)-COUNTIF('Inv. Issue'!$F$4:$F$103,"*es-01*")-COUNTIF('Temp. Issue'!$G$4:$G$103,"*es-01*")-COUNTIF(Salvage!$F$4:$F$88,"*es-01*") -> Balance: 8
C4: Keyboard Code (es-01) | H4: Remarks
C5: Sr. No. | D5: Code | E5: Company Name | F5: Purchase Date | G5: Item Sr.No.
C6: 1 | D6: es-01-01 | E6: Genius | G6: WE150QB00388
C7: 2 | D7: es-01-02 | E7: Genius | G7: WE150QB00390
C8: 3 | D8: es-01-03 | E8: Genius | G8: WE150QJ01708
C9: 4 | D9: es-01-04 | E9: Dell | G9: CN-05P02F-71581-A01
C10: 5 | D10: es-01-05 | E10: Genius | G10: WE150QB00381
C11: 6 | D11: es-01-06 | E11: Genius | G11: WE150QB00383
C12: 7 | D12: es-01-07 | E12: Logitech | G12: 2041CE1D5639 | H12: With Mouse
C13: 8 | D13: es-01-08 | E13: Dell | G13: CN-0TH836-44751-86B-05A1
C14: 9 | D14: es-01-09 | E14: Dell | G14: CN-05P02F-71581
C15: 10 | D15: es-01-10 | E15: Genius | G15: WE150QB00387
C16: 11 | D16: es-01-11 | E16: Genius | G16: WE150QJ01292
C17: 12 | D17: es-01-12 | E17: Genius | G17: WE150QJ01291
C18: 13 | D18: es-01-13 | E18: Genius | G18: WE150QB00382
C19: 14 | D19: es-01-14 | E19: Genius | G19: WE150QJ01294
C20: 15 | D20: es-01-15 | E20: Genius | G20: WE150QJ01293
C21: 16 | D21: es-01-16 | E21: Genius | G21: WE150QB00384
C22: 17 | D22: es-01-17 | E22: A4 Tech | G22: PS1908015216 | H22: With Mouse
C23: 18 | D23: es-01-18 | E23: Genius | G23: WE150QJ01299
C24: 19 | D24: es-01-19 | E24: Logitech | G24: 1713mg00FUQB
C25: 20 | D25: es-01-20 | E25: Logitech | G25: 1902SY06SDM8 | H25: With Mouse
C26: 21
C27: 22
C28: 23
C29: 24
C30: 25
C31: 26
C32: 27
C33: 28
C34: 29
C35: 30
C36: 31
C37: 32
... C105: 100

Sheet Mouse
C2: ="Total Qty: "&COUNTA($D$6:$D$105) -> Total Qty: 27 | D2: ="Issue Qty: "&COUNTIF('Inv. Issue'!$F$4:$F$103,"*es-02*") -> Issue Qty: 11 | E2: ="Temp Issue: "&COUNTIFS('Temp. Issue'!$G$4:$G$103,"*es-02*",'Temp. Issue'!$K$4:$K$103,"Return") -> Temp Issue: 0 | F2: ="Salvage: "&COUNTIF(Salvage!$F$4:$F$88,"*es-02*") -> Salvage: 0 | G2: ="Balance: "&COUNTA($D$6:$D$105)-COUNTIF('Inv. Issue'!$F$4:$F$103,"*es-02*")-COUNTIF('Temp. Issue'!$G$4:$G$103,"*es-02*")-COUNTIF(Salvage!$F$4:$F$88,"*es-02*") -> Balance: 16
C4: Mouse Code (es-02)
C5: Sr. No. | D5: Code | E5: Company Name | F5: Purchase Date | G5: Item Sr.No.
C6: 1 | D6: es-02-01 | E6: HP | G6: B1M280201004703
C7: 2 | D7: es-02-02 | E7: HP | G7: B1M280201004702
C8: 3 | D8: es-02-03 | E8: HP | G8: B1M280201004704
C9: 4 | D9: es-02-04 | E9: HP | G9: B1M280201004715
C10: 5 | D10: es-02-05 | E10: HP | G10: B1M280201004717
C11: 6 | D11: es-02-06 | E11: HP | G11: B1M280201004701
C12: 7 | D12: es-02-07 | E12: HP | G12: B1M280201004698
C13: 8 | D13: es-02-08 | E13: HP | G13: B1M280201004700
C14: 9 | D14: es-02-09 | E14: HP | G14: B1M280201004714
C15: 10 | D15: es-02-10 | E15: HP | G15: B1M280201004705
C16: 11 | D16: es-02-11 | E16: HP | G16: B1M280201004699
C17: 12 | D17: es-02-12 | E17: HP | G17: B1M280201004720
... C29: 24 | D29: es-02-24 | E29: A4 Tech | G29: Model No. FG10
C30: 25 | D30: es-02-25 | E30: HI-ZI | G30: 32545375910
C31: 26 | D31: es-02-26 | E31: HP | G31: B1M280201004697
C32: 27 | D32: es-02-27 | E32: Dell | G32: N/A
C33: 28
C34: 29
C35: 30
C36: 31
C37: 32
C38: 33
C39: 34
C40: 35
C41: 36
C42: 37
C43: 38
C44: 39
... C105: 100

Sheet LCD
C2: ="Total Qty: "&COUNTA($D$6:$D$105) -> Total Qty: 10 | D2: ="Issue Qty: "&COUNTIF('Inv. Issue'!$F$4:$F$103,"*es-03*") -> Issue Qty: 10 | E2: ="Temp Issue: "&COUNTIFS('Temp. Issue'!$G$4:$G$103,"*es-03*",'Temp. Issue'!$K$4:$K$103,"Return") -> Temp Issue: 0 | F2: ="Salvage: "&COUNTIF(Salvage!$E$4:$E$88,"*es-03*") -> Salvage: 0 | G2: ="Balance: "&COUNTA($D$6:$D$105)-COUNTIF('Inv. Issue'!$F$4:$F$103,"*es-03*")-COUNTIF('Temp. Issue'!$G$4:$G$103,"*es-03*")-COUNTIF(Salvage!$E$4:$E$88,"*es-03*") -> Balance: 0
C4: LCD Code (es-03)
C5: Sr. No. | D5: Code | E5: Company Name | F5: Purchase Date | G5: Item Sr.No.
C6: 1 | D6: es-03-01 | E6: Dell | G6: CL-0NDMRP-74261-34C-0RRM
C7: 2 | D7: es-03-02 | E7: Dell | G7: CN-ONDMRP-29S-27WM
C8: 3 | D8: es-03-03 | E8: Dell | G8: CN-0174R7-72872-2CO-A21M
C9: 4 | D9: es-03-04 | E9: Dell | G9: CN-0NDMRP-74261-KG-380M
C10: 5 | D10: es-03-05 | E10: HP | G10: 3CQ146NSBM
C11: 6 | D11: es-03-06 | E11: HP | G11: 3CQ5291VK4
C12: 7 | D12: es-03-07 | E12: Dell | G12: CN-0NDMRP-74261-293-2H3U
C13: 8 | D13: es-03-08 | E13: Dell | G13: Woring in Process
C14: 9 | D14: es-03-09 | E14: HP | G14: 3CM1070RVG
C15: 10 | D15: es-03-10 | E15: HP | G15: 3CM1070TO8
C16: 11
C17: 12
C18: 13
C19: 14
C20: 15
C21: 16
C22: 17
C23: 18
C24: 19
C25: 20
C26: 21
C27: 22
... C105: 100

Sheet CPU
C2: ="Total Qty: "&COUNTA($D$6:$D$105) -> Total Qty: 10 | D2: ="Issue Qty: "&COUNTIF('Inv. Issue'!$F$4:$F$103,"*es-04*") -> Issue Qty: 10 | E2: ="Temp Issue: "&COUNTIFS('Temp. Issue'!$G$4:$G$103,"*es-04*",'Temp. Issue'!$K$4:$K$103,"Return") -> Temp Issue: 0 | F2: ="Salvage: "&COUNTIF(Salvage!$E$4:$E$88,"*es-04*") -> Salvage: 0 | G2: ="Balance: "&COUNTA($D$6:$D$105)-COUNTIF('Inv. Issue'!$F$4:$F$103,"*es-04*")-COUNTIF('Temp. Issue'!$G$4:$G$103,"*es-04*")-COUNTIF(Salvage!$E$4:$E$88,"*es-04*") -> Balance: 0
C4: CPU Code (es-04)
C5: Sr. No. | D5: Code | E5: Company Name | F5: Purchase Date | G5: Item Sr.No.
C6: 1 | D6: es-04-01 | E6: HP Corei5, RAM 8GB, HDD 300GB | G6: 2UA3140X1W
C7: 2 | D7: es-04-02 | E7: HP Corei5, RAM 6GB, HDD 1TB | G7: MXL2410C7D
C8: 3 | D8: es-04-03 | E8: Lenovo Corei5, RAM 8GB, HDD 500GB | G8: MMM-100606
C9: 4 | D9: es-04-04 | E9: HP Corei5, RAM 14GB, HDD 1TB, Graphics Card 2GB | G9: MXL3021LOK
C10: 5 | D10: es-04-05 | E10: Lenovo Corei5, RAM 8GB, HDD 500GB | G10: MMM-100576
C11: 6 | D11: es-04-06 | E11: HP Corei5, RAM 8GB, HDD 500GB | G11: MXL4190Q06
C12: 7 | D12: es-04-07 | E12: Lenovo Corei5, RAM 8GB, HDD 500GB, Graphics Card 2GB | G12: SIC-101116
C13: 8 | D13: es-04-08 | E13: HP Corei5, RAM 12GB, HDD 500GB, Graphics Card 2GB | G13: MXL251048V
C14: 9 | D14: es-04-09 | E14: Lenovo Corei5, RAM 8GB, HDD 500GB, Graphics Card 2GB | G14: SIC-100987
C15: 10 | D15: es-04-10 | E15: HP Corei5, RAM 8GB, HDD 500GB, Graphics Card 2GB | G15: MXL3320QC8
C16: 11
C17: 12
C18: 13
C19: 14
C20: 15
C21: 16
C22: 17
C23: 18
C24: 19
C25: 20
C26: 21
C27: 22
... C105: 100

Sheet Hard drive
C2: ="Total Qty: "&COUNTA($D$6:$D$105) -> Total Qty: 0 | D2: ="Issue Qty: "&COUNTIF('Inv. Issue'!$F$4:$F$103,"*es-05*") -> Issue Qty: 0 | E2: ="Temp Issue: "&COUNTIFS('Temp. Issue'!$G$4:$G$103,"*es-05*",'Temp. Issue'!$K$4:$K$103,"Return") -> Temp Issue: 0 | F2: ="Salvage: "&COUNTIF(Salvage!$E$4:$E$88,"*es-05*") -> Salvage: 0 | G2: ="Balance: "&COUNTA($D$6:$D$105)-COUNTIF('Inv. Issue'!$F$4:$F$103,"*es-05*")-COUNTIF('Temp. Issue'!$G$4:$G$103,"*es-05*")-COUNTIF(Salvage!$E$4:$E$88,"*es-05*") -> Balance: 0
C4: Hard Drive Code (es-05)
C5: Sr. No. | D5: Code | E5: Company Name | F5: Purchase Date | G5: Item Sr.No.
C6: 1
C7: 2
C8: 3
C9: 4
C10: 5
C11: 6
C12: 7
C13: 8
C14: 9
C15: 10
C16: 11
C17: 12
... C105: 100

Sheet Power Cable
C2: ="Total Qty: "&COUNTA($D$6:$D$105) -> Total Qty: 16 | D2: ="Issue Qty: "&COUNTIF('Inv. Issue'!$F$4:$F$103,"*es-06*") -> Issue Qty: 0 | E2: ="Temp Issue: "&COUNTIFS('Temp. Issue'!$G$4:$G$103,"*es-06*",'Temp. Issue'!$K$4:$K$103,"Return") -> Temp Issue: 0 | F2: ="Salvage: "&COUNTIF(Salvage!$E$4:$E$88,"*es-06*") -> Salvage: 0 | G2: ="Balance: "&COUNTA($D$6:$D$105)-COUNTIF('Inv. Issue'!$F$4:$F$103,"*es-06*")-COUNTIF('Temp. Issue'!$G$4:$G$103,"*es-06*")-COUNTIF(Salvage!$E$4:$E$88,"*es-06*") -> Balance: 16
C4: Power Cable Code (es-06)
C5: Sr. No. | D5: Code | E5: Company Name | F5: Purchase Date | G5: Item Sr.No.
C6: 1 | D6: es-06-01 | E6: Local
C7: 2 | D7: es-06-02 | E7: Local
C8: 3 | D8: es-06-03 | E8: Local
C9: 4 | D9: es-06-04 | E9: Local
C10: 5 | D10: es-06-05 | E10: Local
C11: 6 | D11: es-06-06 | E11: Local
C12: 7 | D12: es-06-07 | E12: Local
C13: 8 | D13: es-06-08 | E13: Local
C14: 9 | D14: es-06-09 | E14: Local
C15: 10 | D15: es-06-10 | E15: Local
C16: 11 | D16: es-06-11 | E16: Local
C17: 12 | D17: es-06-12 | E17: Local
... C21: 16 | D21: es-06-16 | E21: Local
C22: 17
C23: 18
C24: 19
C25: 20
C26: 21
C27: 22
C28: 23
C29: 24
C30: 25
C31: 26
C32: 27
C33: 28
... C105: 100

Sheet USB
C2: ="Total Qty: "&COUNTA($D$6:$D$105) -> Total Qty: 2 | D2: ="Issue Qty: "&COUNTIF('Inv. Issue'!$F$4:$F$103,"*es-07*") -> Issue Qty: 0 | E2: ="Temp Issue: "&COUNTIFS('Temp. Issue'!$G$4:$G$103,"*es-07*",'Temp. Issue'!$K$4:$K$103,"Return") -> Temp Issue: 0 | F2: ="Salvage: "&COUNTIF(Salvage!$E$4:$E$88,"*es-07*") -> Salvage: 0 | G2: ="Balance: "&COUNTA($D$6:$D$105)-COUNTIF('Inv. Issue'!$F$4:$F$103,"*es-07*")-COUNTIF('Temp. Issue'!$G$4:$G$103,"*es-07*")-COUNTIF(Salvage!$E$4:$E$88,"*es-07*") -> Balance: 2
C4: USB Code (es-07)
C5: Sr. No. | D5: Code | E5: Company Name | F5: Purchase Date | G5: Item Sr.No.
C6: 1 | D6: es-07-01
C7: 2 | D7: es-07-02
C8: 3
C9: 4
C10: 5
C11: 6
C12: 7
C13: 8
C14: 9
C15: 10
C16: 11
C17: 12
C18: 13
C19: 14
... C105: 100

Sheet Camera
C2: ="Total Qty: "&COUNTA($D$6:$D$105) -> Total Qty: 2 | D2: ="Issue Qty: "&COUNTIF('Inv. Issue'!$F$4:$F$103,"*es-08*") -> Issue Qty: 0 | E2: ="Temp Issue: "&COUNTIFS('Temp. Issue'!$G$4:$G$103,"*es-08*",'Temp. Issue'!$K$4:$K$103,"Return") -> Temp Issue: 0 | F2: ="Salvage: "&COUNTIF(Salvage!$E$4:$E$88,"*es-08*") -> Salvage: 0 | G2: ="Balance: "&COUNTA($D$6:$D$105)-COUNTIF('Inv. Issue'!$F$4:$F$103,"*es-08*")-COUNTIF('Temp. Issue'!$G$4:$G$103,"*es-08*")-COUNTIF(Salvage!$E$4:$E$88,"*es-08*") -> Balance: 2
C4: Camera Code (es-08)
C5: Sr. No. | D5: Code | E5: Company Name | F5: Purchase Date | G5: Item Sr.No.
C6: 1 | D6: es-08-01 | E6: China | G6: 26366663
C7: 2 | D7: es-08-02 | E7: China | G7: 26366595
C8: 3
C9: 4
C10: 5
C11: 6
C12: 7
C13: 8
C14: 9
C15: 10
C16: 11
C17: 12
C18: 13
C19: 14
... C105: 100

Sheet Router
C2: ="Total Qty: "&COUNTA($D$6:$D$105) -> Total Qty: 0 | D2: ="Issue Qty: "&COUNTIF('Inv. Issue'!$F$4:$F$103,"*es-09*") -> Issue Qty: 0 | E2: ="Temp Issue: "&COUNTIFS('Temp. Issue'!$G$4:$G$103,"*es-09*",'Temp. Issue'!$K$4:$K$103,"Return") -> Temp Issue: 0 | F2: ="Salvage: "&COUNTIF(Salvage!$E$4:$E$88,"*es-09*") -> Salvage: 0 | G2: ="Balance: "&COUNTA($D$6:$D$105)-COUNTIF('Inv. Issue'!$F$4:$F$103,"*es-09*")-COUNTIF('Temp. Issue'!$G$4:$G$103,"*es-09*")-COUNTIF(Salvage!$E$4:$E$88,"*es-09*") -> Balance: 0
C4: Router Code (es-09)
C5: Sr. No. | D5: Code | E5: Company Name | F5: Purchase Date | G5: Item Sr.No.
C6: 1
C7: 2
C8: 3
C9: 4
C10: 5
C11: 6
C12: 7
C13: 8
C14: 9
C15: 10
C16: 11
C17: 12
... C105: 100

Sheet Network Item
C2: ="Total Qty: "&COUNTA($D$6:$D$105) -> Total Qty: 6 | D2: ="Issue Qty: "&COUNTIF('Inv. Issue'!$F$4:$F$103,"*es-10*") -> Issue Qty: 0 | E2: ="Temp Issue: "&COUNTIFS('Temp. Issue'!$G$4:$G$103,"*es-10*",'Temp. Issue'!$K$4:$K$103,"Return") -> Temp Issue: 0 | F2: ="Salvage: "&COUNTIF(Salvage!$E$4:$E$88,"*es-10*") -> Salvage: 0 | G2: ="Balance: "&COUNTA($D$6:$D$105)-COUNTIF('Inv. Issue'!$F$4:$F$103,"*es-10*")-COUNTIF('Temp. Issue'!$G$4:$G$103,"*es-10*")-COUNTIF(Salvage!$E$4:$E$88,"*es-10*") -> Balance: 6
C4: Network Swtich Code (es-10)
C5: Sr. No. | D5: Code | E5: Company Name | F5: Purchase Date | G5: Item Sr.No.
C6: 1 | D6: es-10-01 | E6: TP Link (Router) 450 MBPS | F6: 44194 | G6: 2205068003799 | H6: Not is Use
C7: 2 | D7: es-10-02 | E7: TP Link (Router) 300 MBPS | G7: 220C2Q3016537 | H7: Devsol
C8: 3 | D8: es-10-03 | E8: D-Link Router 300 MBPS | G8: TR0W10A000891 | H8: Ruby
C9: 4 | D9: es-10-04 | E9: Huawei Router (Fider) | G9: 485754431DB3BAA4 | H9: Devsol
C10: 5 | D10: es-10-05 | E10: TP Link (Switch) 2 SFP Slots | G10: 217B560000221 | H10: Ruby
C11: 6 | D11: es-10-06 | E11: TP Link Router | G11: N/A | H11: Use is Espark
C12: 7
C13: 8
C14: 9
C15: 10
C16: 11
C17: 12
C18: 13
C19: 14
C20: 15
C21: 16
C22: 17
C23: 18
... C105: 100

Sheet Printer
C2: ="Total Qty: "&COUNTA($D$6:$D$105) -> Total Qty: 2 | D2: ="Issue Qty: "&COUNTIF('Inv. Issue'!$F$4:$F$103,"*es-11*") -> Issue Qty: 0 | E2: ="Temp Issue: "&COUNTIFS('Temp. Issue'!$G$4:$G$103,"*es-11*",'Temp. Issue'!$K$4:$K$103,"Return") -> Temp Issue: 0 | F2: ="Salvage: "&COUNTIF(Salvage!$E$4:$E$88,"*es-11*") -> Salvage: 0 | G2: ="Balance: "&COUNTA($D$6:$D$105)-COUNTIF('Inv. Issue'!$F$4:$F$103,"*es-11*")-COUNTIF('Temp. Issue'!$G$4:$G$103,"*es-11*")-COUNTIF(Salvage!$E$4:$E$88,"*es-11*") -> Balance: 2
C4: Printer Code (es-11)
C5: Sr. No. | D5: Code | E5: Company Name | F5: Purchase Date | G5: Item Sr.No.
C6: 1 | D6: es-11-01 | E6: HP Laser Jet Pro MFP M127 | G6: CNB981WC9B
C7: 2 | D7: es-11-02 | E7: HP Laser Jet Pro M12 w | G7: VNCW906734
C8: 3
C9: 4
C10: 5
C11: 6
C12: 7
C13: 8
C14: 9
C15: 10
C16: 11
C17: 12
C18: 13
C19: 14
... C105: 100

Sheet Tablet
C2: ="Total Qty: "&COUNTA($D$6:$D$105) -> Total Qty: 1 | D2: ="Issue Qty: "&COUNTIF('Inv. Issue'!$F$4:$F$103,"*es-12*") -> Issue Qty: 0 | E2: ="Temp Issue: "&COUNTIFS('Temp. Issue'!$G$4:$G$103,"*es-12*",'Temp. Issue'!$K$4:$K$103,"Return") -> Temp Issue: 0 | F2: ="Salvage: "&COUNTIF(Salvage!$E$4:$E$88,"*es-12*") -> Salvage: 0 | G2: ="Balance: "&COUNTA($D$6:$D$105)-COUNTIF('Inv. Issue'!$F$4:$F$103,"*es-12*")-COUNTIF('Temp. Issue'!$G$4:$G$103,"*es-12*")-COUNTIF(Salvage!$E$4:$E$88,"*es-12*") -> Balance: 1
C4: Tablet Code (es-12)
C5: Sr. No. | D5: Code | E5: Company Name | F5: Purchase Date | G5: Item Sr.No.
C6: 1 | D6: es-12-01
C7: 2
C8: 3
C9: 4
C10: 5
C11: 6
C12: 7
C13: 8
C14: 9
C15: 10
C16: 11
C17: 12
C18: 13
... C105: 100

Sheet Mac Book
C2: ="Total Qty: "&COUNTA($D$6:$D$105) -> Total Qty: 1 | D2: ="Issue Qty: "&COUNTIF('Inv. Issue'!$F$4:$F$103,"*es-11*") -> Issue Qty: 0 | E2: ="Temp Issue: "&COUNTIFS('Temp. Issue'!$G$4:$G$103,"*es-11*",'Temp. Issue'!$K$4:$K$103,"Return") -> Temp Issue: 0 | F2: ="Salvage: "&COUNTIF(Salvage!$E$4:$E$88,"*es-11*") -> Salvage: 0 | G2: ="Balance: "&COUNTA($D$6:$D$105)-COUNTIF('Inv. Issue'!$F$4:$F$103,"*es-11*")-COUNTIF('Temp. Issue'!$G$4:$G$103,"*es-11*")-COUNTIF(Salvage!$E$4:$E$88,"*es-11*") -> Balance: 1
C4: Mac Book Code (es-13)
C5: Sr. No. | D5: Code | E5: Company Name | F5: Purchase Date | G5: Item Sr.No.
C6: 1 | D6: es-13-01 | E6: Apple | G6: C02DDQ4PP3XY
C7: 2
C8: 3
C9: 4
C10: 5
C11: 6
C12: 7
C13: 8
C14: 9
C15: 10
C16: 11
C17: 12
C18: 13
... C105: 100

Sheet Inv. Issue
C2: Inventory Issue
C3: Sr.No | D3: User Name | E3: Item Name | F3: Item Code | G3: Issue Date | H3: Sr No.
C4: 1 | D4: Ammar Qureshi | E4: Keyboard | F4: es-01-10 | G4: 44462
C5: 2 | D5: Hassan Ahmed | E5: Keyboard | F5: es-01-11 | G5: 44462
C6: 3 | D6: Saeed Sikandar | E6: Keyboard | F6: es-01-12 | G6: 44462
C7: 4 | D7: Syed Ali Naqvi Hasni | E7: Keyboard | F7: es-01-13 | G7: 44462
C8: 5 | D8: Syed Muhammad Sohaib Hussain | E8: Keyboard | F8: es-01-14 | G8: 44462
C9: 6 | D9: Kalbb-e-Abbas | E9: Keyboard | F9: es-01-15 | G9: 44462
C10: 7 | D10: Muhammad Usman | E10: Keyboard | F10: es-01-16 | G10: 44462
C11: 8 | D11: Iftikhar Ahmed | E11: Keyboard | F11: es-01-17 | G11: 44462
C12: 9 | D12: Wirad Ali | E12: Keyboard | F12: es-01-18 | G12: 44462
C13: 10 | D13: Faraz Uddin | E13: Keyboard | F13: es-01-19 | G13: 44462
C14: 11 | D14: Kalbb-e-Abbas | E14: Keyboard | F14: es-01-09 | G14: 44462
C15: 12 | D15: Hassan Ahmed | E15: Mouse | F15: es-02-17 | G15: 44462
... C45: 42 | D45: Kalbb-e-Abbas | E45: LCD | F45: es-03-10 | G45: 44462
C46: 43
C47: 44
C48: 45
C49: 46
C50: 47
C51: 48
C52: 49
C53: 50
C54: 51
C55: 52
C56: 53
C57: 54
... C103: 100

Sheet Temp. Issue
C2: Temp. Issue
C3: Sr.No | D3: User Code | E3: User Name | F3: Item Name | G3: Item Code | H3: Issue By | I3: Issue Date | J3: Retrun Date | K3: Status | L3: Remarks
C4: 1 | D4: 80 | H4: Ali | I4: 44267
C5: 2 | O5: =COUNTIFS(G4:G13,"*es-01*",K4:K13,"Return") -> 0
C6: 3
C7: 4
C8: 5
C9: 6
C10: 7
C11: 8
C12: 9
C13: 10
C14: 11
C15: 12
C16: 13
C17: 14
... C103: 100

Sheet Salvage
C2: Salvage
C3: Sr.No | D3: Salvage By | E3: Item Name | F3: Item Code | G3: Salvage Date | H3: Sr.No. | I3: Salvage Reason
C4: 1 | D4: Ali Naqvi | E4: Keyboard | F4: es-01-03 | G4: 44392 | H4: WE150QJ01708 | I4: Power Input not Working
C5: 2
C6: 3
C7: 4
C8: 5
C9: 6
C10: 7
C11: 8
C12: 9
C13: 10
C14: 11
C15: 12
C16: 13
... C88: 85
